Brand;Model;Box;https://source.unsplash.com/200x200/?Brand%20Model
Samsung;Galaxy A Quantum;B22;https://fdn2.gsmarena.com/vv/bigpic/samsung-galaxy-a71-5g.jpg
Samsung;Galaxy A02;B21;https://fdn2.gsmarena.com/vv/bigpic/samsung-galaxy-a02.jpg
Samsung;Galaxy A02s;B21;https://fdn2.gsmarena.com/vv/bigpic/samsung-galaxy-a02s-sm-a025-new.jpg
Samsung;Galaxy A03;B21;https://fdn2.gsmarena.com/vv/bigpic/samsung-galaxy-a03.jpg
Samsung;Galaxy A03 Core;B21;https://fdn2.gsmarena.com/vv/bigpic/samsung-galaxy-a03-core.jpg
Samsung;Galaxy A03s;B21;https://fdn2.gsmarena.com/vv/bigpic/samsung-galaxy-a03s.jpg
Samsung;Galaxy A04;B21;https://fdn2.gsmarena.com/vv/bigpic/samsung-galaxy-a04.jpg
Samsung;Galaxy A04 Core;B21;https://fdn2.gsmarena.com/vv/bigpic/samsung-galaxy-a04.jpg
Samsung;Galaxy A04e;B21;https://fdn2.gsmarena.com/vv/bigpic/samsung-galaxy-a04e.jpg
Samsung;Galaxy A04s;B21;https://fdn2.gsmarena.com/vv/bigpic/samsung-galaxy-a04s.jpg
Samsung;Galaxy A05;B29;https://fdn2.gsmarena.com/vv/bigpic/samsung-galaxy-a.jpg
Samsung;Galaxy A05s;B24;https://fdn2.gsmarena.com/vv/bigpic/samsung-galaxy-a.jpg
Samsung;Galaxy A06;B29;https://fdn2.gsmarena.com/vv/bigpic/samsung-galaxy-a.jpg
Samsung;Galaxy A07;B00;https://fdn2.gsmarena.com/vv/bigpic/samsung-galaxy-a.jpg
Samsung;Galaxy A10;B40;https://fdn2.gsmarena.com/vv/bigpic/samsung-galaxy-a10.jpg
Samsung;Galaxy A10s;B35;https://fdn2.gsmarena.com/vv/bigpic/samsung-galaxy-a10s.jpg
Samsung;Galaxy A11;B46;https://fdn2.gsmarena.com/vv/bigpic/samsung-galaxy-a11.jpg
Samsung;Galaxy A12;B21;https://fdn2.gsmarena.com/vv/bigpic/samsung-galaxy-a12-sm-a125.jpg
Samsung;Galaxy A12 (India);B21;https://fdn2.gsmarena.com/vv/bigpic/samsung-galaxy-a12-sm-a125.jpg
Samsung;Galaxy A12 Nacho;B21;https://fdn2.gsmarena.com/vv/bigpic/samsung-galaxy-a12-nacho.jpg
Samsung;Galaxy A13;B21;https://fdn2.gsmarena.com/vv/bigpic/samsung-galaxy-a13.jpg
Samsung;Galaxy A13 (SM-A137);B21;https://fdn2.gsmarena.com/vv/bigpic/samsung-galaxy-a13-a137.jpg
Samsung;Galaxy A13 5G;B21;https://fdn2.gsmarena.com/vv/bigpic/samsung-galaxy-a13-5g-.jpg
Samsung;Galaxy A14;B21;https://fdn2.gsmarena.com/vv/bigpic/samsung-galaxy-a.jpg
Samsung;Galaxy A14 5G;B21;https://fdn2.gsmarena.com/vv/bigpic/samsung-galaxy-a.jpg
Samsung;Galaxy A15;B19+;https://fdn2.gsmarena.com/vv/bigpic/samsung-galaxy-a.jpg
Samsung;Galaxy A16;B43;https://fdn2.gsmarena.com/vv/bigpic/samsung-galaxy-a.jpg
Samsung;Galaxy A16 5G;B43;https://fdn2.gsmarena.com/vv/bigpic/samsung-galaxy-a.jpg
Samsung;Galaxy A17;B43;https://fdn2.gsmarena.com/vv/bigpic/samsung-galaxy-a.jpg
Samsung;Galaxy A20;B27;https://fdn2.gsmarena.com/vv/bigpic/samsung-galaxy-a20.jpg
Samsung;Galaxy A20s;B23;https://fdn2.gsmarena.com/vv/bigpic/samsung-galaxy-a20s-sm-a207.jpg
Samsung;Galaxy A21;B24;https://fdn2.gsmarena.com/vv/bigpic/samsung-galaxy-a21-r.jpg
Samsung;Galaxy A21s;B23;https://fdn2.gsmarena.com/vv/bigpic/samsung-galaxy-a21s-.jpg
Samsung;Galaxy A22;B27;https://fdn2.gsmarena.com/vv/bigpic/samsung-galaxy-a22.jpg
Samsung;Galaxy A22 5G;B21;https://fdn2.gsmarena.com/vv/bigpic/samsung-galaxy-a22-5g.jpg
Samsung;Galaxy A23;B21;https://fdn2.gsmarena.com/vv/bigpic/samsung-galaxy-a23.jpg
Samsung;Galaxy A23 5G;B21;https://fdn2.gsmarena.com/vv/bigpic/samsung-galaxy-a23-5g.jpg
Samsung;Galaxy A24 4G;B15+;https://fdn2.gsmarena.com/vv/bigpic/samsung-galaxy-a.jpg
Samsung;Galaxy A25;B15+;https://fdn2.gsmarena.com/vv/bigpic/samsung-galaxy-a.jpg
Samsung;Galaxy A26;B43;https://fdn2.gsmarena.com/vv/bigpic/samsung-galaxy-a.jpg
Samsung;Galaxy A30;B27;https://fdn2.gsmarena.com/vv/bigpic/samsung-galaxy-a30.jpg
Samsung;Galaxy A30s;B27;https://fdn2.gsmarena.com/vv/bigpic/samsung-galaxy-a30s.jpg
Samsung;Galaxy A31;B27;https://fdn2.gsmarena.com/vv/bigpic/samsung-galaxy-a31.jpg
Samsung;Galaxy A32;B27;https://fdn2.gsmarena.com/vv/bigpic/samsung-galaxy-a32-4g-new.jpg
Samsung;Galaxy A32 5G;B21;https://fdn2.gsmarena.com/vv/bigpic/samsung-galaxy-a32-5g.jpg
Samsung;Galaxy A33 5G;B27;https://fdn2.gsmarena.com/vv/bigpic/samsung-galaxy-a33-5g.jpg
Samsung;Galaxy A34;B28;https://fdn2.gsmarena.com/vv/bigpic/samsung-a3.jpg
Samsung;Galaxy A35;B33;https://fdn2.gsmarena.com/vv/bigpic/samsung-a3.jpg
Samsung;Galaxy A36;B65+;https://fdn2.gsmarena.com/vv/bigpic/samsung-a3.jpg
Samsung;Galaxy A37;B65+;https://fdn2.gsmarena.com/vv/bigpic/samsung-a3.jpg
Samsung;Galaxy A42 5G;B21;https://fdn2.gsmarena.com/vv/bigpic/samsung-galaxy-a42-5g.jpg
Samsung;Galaxy A50;B27;https://fdn2.gsmarena.com/vv/bigpic/samsung-galaxy-a50-sm-a505f-ds.jpg
Samsung;Galaxy A50s;B27;https://fdn2.gsmarena.com/vv/bigpic/samsung-galaxy-a50s.jpg
Samsung;Galaxy A51;B30;https://fdn2.gsmarena.com/vv/bigpic/samsung-galaxy-a51-sm-a515.jpg
Samsung;Galaxy A51 5G;B30;https://fdn2.gsmarena.com/vv/bigpic/samsung-galaxy-a51-5g.jpg
Samsung;Galaxy A51 5G UW;B30;https://fdn2.gsmarena.com/vv/bigpic/samsung-galaxy-a51-5g-uw.jpg
Samsung;Galaxy A52;B30;https://fdn2.gsmarena.com/vv/bigpic/samsung-galaxy-a52-4g.jpg
Samsung;Galaxy A52 5G;B30;https://fdn2.gsmarena.com/vv/bigpic/samsung-galaxy-a52-5g.jpg
Samsung;Galaxy A52s 5G;B30;https://fdn2.gsmarena.com/vv/bigpic/samsung-galaxy-a52s-5g.jpg
Samsung;Galaxy A53 5G;B30;https://fdn2.gsmarena.com/vv/bigpic/samsung-galaxy-a53-5g-.jpg
Samsung;Galaxy A54;B17+;https://fdn2.gsmarena.com/vv/bigpic/samsung-a5.jpg
Samsung;Galaxy A55;B33;https://fdn2.gsmarena.com/vv/bigpic/samsung-a5.jpg
Samsung;Galaxy A56;B65+;https://fdn2.gsmarena.com/vv/bigpic/samsung-a5.jpg
Samsung;Galaxy A57;B43;https://fdn2.gsmarena.com/vv/bigpic/samsung-a5.jpg
Samsung;Galaxy A60;B44;https://fdn2.gsmarena.com/vv/bigpic/samsung-galaxy-a60-.jpg
Samsung;Galaxy A70;B21;https://fdn2.gsmarena.com/vv/bigpic/samsung-galaxy-a70.jpg
Samsung;Galaxy A70s;B21;https://fdn2.gsmarena.com/vv/bigpic/samsung-galaxy-a70s-.jpg
Samsung;Galaxy A71;B23;https://fdn2.gsmarena.com/vv/bigpic/samsung-galaxy-a71.jpg
Samsung;Galaxy A71 5G;B23;https://fdn2.gsmarena.com/vv/bigpic/samsung-galaxy-a71-5g.jpg
Samsung;Galaxy A72;B24;https://fdn2.gsmarena.com/vv/bigpic/samsung-galaxy-a72-4g.jpg
Samsung;Galaxy A73 5G;B24;https://fdn2.gsmarena.com/vv/bigpic/samsung-galaxy-a73-5g.jpg
Samsung;Galaxy A80;B24;https://fdn2.gsmarena.com/vv/bigpic/samsung-galaxy-a80-.jpg
Samsung;Galaxy C55;B23;https://fdn2.gsmarena.com/vv/bigpic/samsung-galaxy-c5r3.jpg
Samsung;Galaxy F02s;B21;https://fdn2.gsmarena.com/vv/bigpic/samsung-galaxy-f02s.jpg
Samsung;Galaxy F04;B21;https://fdn2.gsmarena.com/vv/bigpic/samsung-galaxy-f.jpg
Samsung;Galaxy F05;B29;https://fdn2.gsmarena.com/vv/bigpic/samsung-galaxy-f.jpg
Samsung;Galaxy F06 5G;B29;https://fdn2.gsmarena.com/vv/bigpic/samsung-galaxy-f.jpg
Samsung;Galaxy F07;B24;https://fdn2.gsmarena.com/vv/bigpic/samsung-galaxy-f.jpg
Samsung;Galaxy F12;B46;https://fdn2.gsmarena.com/vv/bigpic/samsung-galaxy-f12.jpg
Samsung;Galaxy F13;B21;https://fdn2.gsmarena.com/vv/bigpic/samsung-galaxy-f13.jpg
Samsung;Galaxy F14;B26;https://fdn2.gsmarena.com/vv/bigpic/samsung-galaxy-f.jpg
Samsung;Galaxy F14 4G;B26;https://fdn2.gsmarena.com/vv/bigpic/samsung-galaxy-f.jpg
Samsung;Galaxy F15;B19+;https://fdn2.gsmarena.com/vv/bigpic/samsung-galaxy-f.jpg
Samsung;Galaxy F16;B43;https://fdn2.gsmarena.com/vv/bigpic/samsung-galaxy-f.jpg
Samsung;Galaxy F17;B43;https://fdn2.gsmarena.com/vv/bigpic/samsung-galaxy-f.jpg
Samsung;Galaxy F22;B34;https://fdn2.gsmarena.com/vv/bigpic/samsung-galaxy-f22.jpg
Samsung;Galaxy F23;B21;https://fdn2.gsmarena.com/vv/bigpic/samsung-galaxy-m23.jpg
Samsung;Galaxy F34;B38;https://fdn2.gsmarena.com/vv/bigpic/samsung-galaxy-f.jpg
Samsung;Galaxy F36;B43;https://fdn2.gsmarena.com/vv/bigpic/samsung-galaxy-f.jpg
Samsung;Galaxy F41;B32;https://fdn2.gsmarena.com/vv/bigpic/samsung-galaxy-f41-sm-f415fds.jpg
Samsung;Galaxy F42 5G;B21;https://fdn2.gsmarena.com/vv/bigpic/samsung-galaxy-f42-5g.jpg
Samsung;Galaxy F52 5G;B22;https://fdn2.gsmarena.com/vv/bigpic/samsung-galaxy-f52-5g.jpg
Samsung;Galaxy F54;B23;https://fdn2.gsmarena.com/vv/bigpic/samsung-galaxy-f.jpg
Samsung;Galaxy F55;B23;https://fdn2.gsmarena.com/vv/bigpic/samsung-galaxy-f.jpg
Samsung;Galaxy F62;B24;https://fdn2.gsmarena.com/vv/bigpic/samsung-galaxy-f62.jpg
Samsung;Galaxy F70e;B29;https://fdn2.gsmarena.com/vv/bigpic/samsung-galaxy-f.jpg
Samsung;Galaxy M02;B21;https://fdn2.gsmarena.com/vv/bigpic/samsung-galaxy-m02.jpg
Samsung;Galaxy M02s;B21;https://fdn2.gsmarena.com/vv/bigpic/samsung-galaxy-m02s.jpg
Samsung;Galaxy M04;B21;https://fdn2.gsmarena.com/vv/bigpic/oneplus-x.jpg
Samsung;Galaxy M05;B29;https://fdn2.gsmarena.com/vv/bigpic/alcatel-5-.jpg
Samsung;Galaxy M06;B29;https://fdn2.gsmarena.com/vv/bigpic/oneplus-6-red.jpg
Samsung;Galaxy M07;B24;https://fdn2.gsmarena.com/vv/bigpic/alcatel-7-.jpg
Samsung;Galaxy M10;B40;https://fdn2.gsmarena.com/vv/bigpic/samsung-galaxy-m10-m105f.jpg
Samsung;Galaxy M11;B32;https://fdn2.gsmarena.com/vv/bigpic/samsung-galaxy-m11-sm-m115.jpg
Samsung;Galaxy M12;B21;https://fdn2.gsmarena.com/vv/bigpic/samsung-galaxy-m12.jpg
Samsung;Galaxy M13;B21;https://fdn2.gsmarena.com/vv/bigpic/samsung-galaxy-m13.jpg
Samsung;Galaxy M14;B26;https://fdn2.gsmarena.com/vv/bigpic/meizu-m1-note-mini.jpg
Samsung;Galaxy M15;B19+;https://fdn2.gsmarena.com/vv/bigpic/meizu-15.jpg
Samsung;Galaxy M16;B43;https://fdn2.gsmarena.com/vv/bigpic/oneplus-6-red.jpg
Samsung;Galaxy M17;B43;https://fdn2.gsmarena.com/vv/bigpic/alcatel-7-.jpg
Samsung;Galaxy M21;B37;https://fdn2.gsmarena.com/vv/bigpic/samsung-galaxy-m21.jpg
Samsung;Galaxy M21 2021;B27;https://fdn2.gsmarena.com/vv/bigpic/samsung-galaxy-m21-2021.jpg
Samsung;Galaxy M21s;B37;https://fdn2.gsmarena.com/vv/bigpic/samsung-galaxy-m21s.jpg
Samsung;Galaxy M22;B27;https://fdn2.gsmarena.com/vv/bigpic/samsung-galaxy-m22-.jpg
Samsung;Galaxy M23;B21;https://fdn2.gsmarena.com/vv/bigpic/samsung-galaxy-m23.jpg
Samsung;Galaxy M30;B17+;https://fdn2.gsmarena.com/vv/bigpic/samsung-galaxy-m30-.jpg
Samsung;Galaxy M30s;B17+;https://fdn2.gsmarena.com/vv/bigpic/samsung-galaxy-m30s-.jpg
Samsung;Galaxy M31;B27;https://fdn2.gsmarena.com/vv/bigpic/samsung-galaxy-m31-sm-m315f.jpg
Samsung;Galaxy M31 Prime;B27;https://fdn2.gsmarena.com/vv/bigpic/samsung-galaxy-m31-sm-m315f.jpg
Samsung;Galaxy M31s;B15+;https://fdn2.gsmarena.com/vv/bigpic/samsung-galaxy-m31s.jpg
Samsung;Galaxy M32 4G;B21;https://fdn2.gsmarena.com/vv/bigpic/samsung-galaxy-m32.jpg
Samsung;Galaxy M32 5G;B21;https://fdn2.gsmarena.com/vv/bigpic/samsung-galaxy-m32-5g-new.jpg
Samsung;Galaxy M33;B21;https://fdn2.gsmarena.com/vv/bigpic/samsung-galaxy-m33.jpg
Samsung;Galaxy M34 5G;B37;https://fdn2.gsmarena.com/vv/bigpic/alcatel-3-.jpg
Samsung;Galaxy M35;B33;https://fdn2.gsmarena.com/vv/bigpic/alcatel-3-.jpg
Samsung;Galaxy M36;B43;https://fdn2.gsmarena.com/vv/bigpic/oneplus-6-red.jpg
Samsung;Galaxy M40;B35;https://fdn2.gsmarena.com/vv/bigpic/samsung-galaxy-m40-m405f.jpg
Samsung;Galaxy M42 5G;B21;https://fdn2.gsmarena.com/vv/bigpic/samsung-galaxy-m42.jpg
Samsung;Galaxy M51;B24;https://fdn2.gsmarena.com/vv/bigpic/samsung-galaxy-m51.jpg
Samsung;Galaxy M52 5G;B24;https://fdn2.gsmarena.com/vv/bigpic/samsung-galaxy-m32-5g-.jpg
Samsung;Galaxy M53;B24;https://fdn2.gsmarena.com/vv/bigpic/samsung-galaxy-m53-5g.jpg
Samsung;Galaxy M54;B24;https://fdn2.gsmarena.com/vv/bigpic/meizu-m5.jpg
Samsung;Galaxy M55;B23;https://fdn2.gsmarena.com/vv/bigpic/meizu-m5.jpg
Samsung;Galaxy M55s;B23;https://fdn2.gsmarena.com/vv/bigpic/meizu-m5.jpg
Samsung;Galaxy M56;B43;https://fdn2.gsmarena.com/vv/bigpic/oneplus-6-red.jpg
Samsung;Galaxy M62;B43;https://fdn2.gsmarena.com/vv/bigpic/samsung-galaxy-m62.jpg
Samsung;Galaxy Note10 Lite;B23;https://fdn2.gsmarena.com/vv/bigpic/sasmung-galaxy-note10-lite-r.jpg
Samsung;Galaxy Note20;B22;https://fdn2.gsmarena.com/vv/bigpic/samsung-galaxy-note20-5g-r.jpg
Samsung;Galaxy Note20 5G;B22;https://fdn2.gsmarena.com/vv/bigpic/samsung-galaxy-note20-5g-r.jpg
Samsung;Galaxy S10 Lite;B36;https://fdn2.gsmarena.com/vv/bigpic/sasmung-galaxy-s10-lite-.jpg
Samsung;Galaxy S20 FE 2022;B30;https://fdn2.gsmarena.com/vv/bigpic/samsung-galaxy-s20-fe-5g.jpg
Samsung;Galaxy S20 FE 5G;B30;https://fdn2.gsmarena.com/vv/bigpic/samsung-galaxy-s20-fe-5g.jpg
Samsung;Galaxy S21 5G;B14+;https://fdn2.gsmarena.com/vv/bigpic/samsung-galaxy-s21-5g-r.jpg
Samsung;Galaxy S21 FE 5G;B35;https://fdn2.gsmarena.com/vv/bigpic/samsung-galaxy-s21-fe-5g.jpg
Samsung;Galaxy S21+ 5G;B15+;https://fdn2.gsmarena.com/vv/bigpic/samsung-galaxy-s21-plus-5g-.jpg
Samsung;Galaxy S22 5G;B16+;https://fdn2.gsmarena.com/vv/bigpic/samsung-galaxy-s22-5g.jpg
Samsung;Galaxy S22+ 5G;B17+;https://fdn2.gsmarena.com/vv/bigpic/samsung-galaxy-s22-plus-5g.jpg
Samsung;Galaxy S23;B16+;https://fdn2.gsmarena.com/vv/bigpic/alcatel-3-.jpg
Samsung;Galaxy S23 FE;B17+;https://fdn2.gsmarena.com/vv/bigpic/alcatel-3-.jpg
Samsung;Galaxy S23+;B17+;https://fdn2.gsmarena.com/vv/bigpic/alcatel-3-.jpg
Samsung;Galaxy S24;B18+;https://fdn2.gsmarena.com/vv/bigpic/oneplus-two.jpg
Samsung;Galaxy S24 FE;B65+;https://fdn2.gsmarena.com/vv/bigpic/oneplus-two.jpg
Samsung;Galaxy S24 Ultra;B20+;https://fdn2.gsmarena.com/vv/bigpic/oneplus-two.jpg
Samsung;Galaxy S24+;B19+;https://fdn2.gsmarena.com/vv/bigpic/oneplus-two.jpg
Samsung;Galaxy S25;B18+;https://fdn2.gsmarena.com/vv/bigpic/oneplus-two.jpg
Samsung;Galaxy S25 EDGE;B56+;https://fdn2.gsmarena.com/vv/bigpic/oneplus-two.jpg
Samsung;Galaxy S25 FE;B43;https://fdn2.gsmarena.com/vv/bigpic/oneplus-two.jpg
Samsung;Galaxy S25 Ultra;B55+;https://fdn2.gsmarena.com/vv/bigpic/oneplus-two.jpg
Samsung;Galaxy S25+;B19+;https://fdn2.gsmarena.com/vv/bigpic/oneplus-two.jpg
Samsung;Galaxy S26;B59+;https://fdn2.gsmarena.com/vv/bigpic/oneplus-6-red.jpg
Samsung;Galaxy S26 Ultra;B60+;https://fdn2.gsmarena.com/vv/bigpic/oneplus-6-red.jpg
Samsung;Galaxy S26+;B56+;https://fdn2.gsmarena.com/vv/bigpic/oneplus-6-red.jpg
Apple;iPhone 17 Pro Max;B13;https://fdn2.gsmarena.com/vv/bigpic/apple-iphone-17-pro-max.jpg
Apple;iPhone 17 Pro;B12;https://fdn2.gsmarena.com/vv/bigpic/apple-iphone-17-pro.jpg
Apple;iPhone 17 Air;B13-1;https://fdn2.gsmarena.com/vv/bigpic/apple-iphone-17-air.jpg
Apple;iPhone 17e;B06;https://fdn2.gsmarena.com/vv/bigpic/apple-iphone-17e.jpg
Apple;iPhone 17;B08;https://fdn2.gsmarena.com/vv/bigpic/apple-iphone-17.jpg
Apple;iPhone 16 Pro Max;B13;https://fdn2.gsmarena.com/vv/bigpic/apple-iphone-16-pro-max.jpg
Apple;iPhone 16 Pro;B12;https://fdn2.gsmarena.com/vv/bigpic/apple-iphone-16-pro.jpg
Apple;iPhone 16 Plus;B09;https://fdn2.gsmarena.com/vv/bigpic/apple-iphone-16-plus.jpg
Apple;iPhone 16E;B06;https://fdn2.gsmarena.com/vv/bigpic/apple-iphone-16e.jpg
Apple;iPhone 16;B08;https://fdn2.gsmarena.com/vv/bigpic/apple-iphone-16.jpg
Apple;iPhone 15 Pro Max;B11;https://fdn2.gsmarena.com/vv/bigpic/apple-iphone-15-pro-max.jpg
Apple;iPhone 15 Pro;B10;https://fdn2.gsmarena.com/vv/bigpic/apple-iphone-15-pro.jpg
Apple;iPhone 15 Plus;B09;https://fdn2.gsmarena.com/vv/bigpic/apple-iphone-15-plus.jpg
Apple;iPhone 15;B08;https://fdn2.gsmarena.com/vv/bigpic/apple-iphone-15.jpg
Apple;iPhone 14 Pro Max;B09;https://fdn2.gsmarena.com/vv/bigpic/apple-iphone-14-pro-max.jpg
Apple;iPhone 14 Pro;B08;https://fdn2.gsmarena.com/vv/bigpic/apple-iphone-14-pro.jpg
Apple;iPhone 14 Plus;B07;https://fdn2.gsmarena.com/vv/bigpic/apple-iphone-14-plus.jpg
Apple;iPhone 14;B06;https://fdn2.gsmarena.com/vv/bigpic/apple-iphone-14.jpg
Apple;iPhone 13 Pro Max;B07;https://fdn2.gsmarena.com/vv/bigpic/apple-iphone-13-pro-max.jpg
Apple;iPhone 13 Pro;B06;https://fdn2.gsmarena.com/vv/bigpic/apple-iphone-13-pro.jpg
Apple;iPhone 13 Mini;B00;https://fdn2.gsmarena.com/vv/bigpic/apple-iphone-13-mini.jpg
Apple;iPhone 13;B06;https://fdn2.gsmarena.com/vv/bigpic/apple-iphone-13.jpg
Apple;iPhone 12 Pro Max;B05;https://fdn2.gsmarena.com/vv/bigpic/apple-iphone-12-pro-max.jpg
Apple;iPhone 12 Pro;B04;https://fdn2.gsmarena.com/vv/bigpic/apple-iphone-12-pro.jpg
Apple;iPhone 12Mini;B00;https://fdn2.gsmarena.com/vv/bigpic/apple-iphone-12mini.jpg
Apple;iPhone 12;B04;https://fdn2.gsmarena.com/vv/bigpic/apple-iphone-12.jpg
Apple;iPhone 11Pro Max;B03;https://fdn2.gsmarena.com/vv/bigpic/apple-iphone-11pro-max.jpg
Apple;iPhone 11 Pro;B01;https://fdn2.gsmarena.com/vv/bigpic/apple-iphone-11-pro.jpg
Apple;iPhone 11;B02;https://fdn2.gsmarena.com/vv/bigpic/apple-iphone-11.jpg
Apple;iPhone XR;B02;https://fdn2.gsmarena.com/vv/bigpic/apple-iphone-xr.jpg
Apple;iPhone XS Max;B03;https://fdn2.gsmarena.com/vv/bigpic/apple-iphone-xs-max.jpg
Apple;iPhone XS;B01;https://fdn2.gsmarena.com/vv/bigpic/apple-iphone-xs.jpg
Apple;iPhone X;B01;https://fdn2.gsmarena.com/vv/bigpic/apple-iphone-x.jpg
Oppo;oppo A1;B24;https://fdn2.gsmarena.com/vv/bigpic/oppo-a1.jpg
Oppo;oppo A1x;B21;https://fdn2.gsmarena.com/vv/bigpic/alcatel-1-2018.jpg
Oppo;oppo A11;B21;https://fdn2.gsmarena.com/vv/bigpic/oppo-a5-2020.jpg
Oppo;oppo A11X;B21;https://fdn2.gsmarena.com/vv/bigpic/alcatel-1-2018.jpg
Oppo;oppo A11s;B21;https://fdn2.gsmarena.com/vv/bigpic/oppo-a11s.jpg
Oppo;oppo A12;B40;https://fdn2.gsmarena.com/vv/bigpic/oppo-a12.jpg
Oppo;oppo A12s;B40;https://fdn2.gsmarena.com/vv/bigpic/oppo-a11k.jpg
Oppo;oppo A15;B21;https://fdn2.gsmarena.com/vv/bigpic/oppo-a15.jpg
Oppo;oppo A15s;B21;https://fdn2.gsmarena.com/vv/bigpic/oppo-a15s.jpg
Oppo;oppo A16;B21;https://fdn2.gsmarena.com/vv/bigpic/oppo-a16.jpg
Oppo;oppo A16e;B21;https://fdn2.gsmarena.com/vv/bigpic/oppo-a16k.jpg
Oppo;oppo A16K;B21;https://fdn2.gsmarena.com/vv/bigpic/oppo-a16k.jpg
Oppo;oppo A16s;B21;https://fdn2.gsmarena.com/vv/bigpic/oppo-a16.jpg
Oppo;oppo A18;B21;https://fdn2.gsmarena.com/vv/bigpic/oneplus-8.jpg
Oppo;oppo A1k;B40;https://fdn2.gsmarena.com/vv/bigpic/oppo-a1k.jpg
Oppo;oppo A2x;B21;https://fdn2.gsmarena.com/vv/bigpic/oneplus-two.jpg
Oppo;oppo A3 (2018);B39;https://fdn2.gsmarena.com/vv/bigpic/huawei-honor-20.jpg
Oppo;oppo A3 (china);B46;https://fdn2.gsmarena.com/vv/bigpic/alcatel-3-.jpg
Oppo;oppo A3 4G;B24;https://fdn2.gsmarena.com/vv/bigpic/alcatel-3-.jpg
Oppo;oppo A3 Pro;B24;https://fdn2.gsmarena.com/vv/bigpic/alcatel-3-.jpg
Oppo;oppo A36;B23;https://fdn2.gsmarena.com/vv/bigpic/oppo-a36.jpg
Oppo;oppo A38;B21;https://fdn2.gsmarena.com/vv/bigpic/oneplus-8.jpg
Oppo;oppo A3x;B24;https://fdn2.gsmarena.com/vv/bigpic/alcatel-3-.jpg
Oppo;oppo A3x (china);B24;https://fdn2.gsmarena.com/vv/bigpic/alcatel-3-.jpg
Oppo;oppo A3x 4G;B24;https://fdn2.gsmarena.com/vv/bigpic/alcatel-3-.jpg
Oppo;oppo A5 (AX5);B39;https://fdn2.gsmarena.com/vv/bigpic/oppo-a5.jpg
Oppo;oppo A5 (china);B22;https://fdn2.gsmarena.com/vv/bigpic/lenovo-a5-.jpg
Oppo;oppo A5 4G;B24;https://fdn2.gsmarena.com/vv/bigpic/lenovo-a5-.jpg
Oppo;oppo A5 5G;B24;https://fdn2.gsmarena.com/vv/bigpic/lenovo-a5-.jpg
Oppo;oppo A5 Pro 4G;B24;https://fdn2.gsmarena.com/vv/bigpic/lenovo-a5-.jpg
Oppo;oppo A5 Pro 5G;B24;https://fdn2.gsmarena.com/vv/bigpic/lenovo-a5-.jpg
Oppo;oppo A5 Pro;B24;https://fdn2.gsmarena.com/vv/bigpic/lenovo-a5-.jpg
Oppo;oppo A5 Pro (china);B46;https://fdn2.gsmarena.com/vv/bigpic/lenovo-a5-.jpg
Oppo;oppo A5 Energy;B24;https://fdn2.gsmarena.com/vv/bigpic/lenovo-a5-.jpg
Oppo;oppo A52;B36;https://fdn2.gsmarena.com/vv/bigpic/oppo-a52.jpg
Oppo;oppo A53;B22;https://fdn2.gsmarena.com/vv/bigpic/oppo-a53-2020.jpg
Oppo;oppo A53 5G;B36;https://fdn2.gsmarena.com/vv/bigpic/oppo-a53-5g.jpg
Oppo;oppo A53s;B30;https://fdn2.gsmarena.com/vv/bigpic/oppo-a53-2020.jpg
Oppo;oppo A53s 5G;B21;https://fdn2.gsmarena.com/vv/bigpic/oppo-a53s-5g.jpg
Oppo;oppo A54;B15+;https://fdn2.gsmarena.com/vv/bigpic/oppo-a54.jpg
Oppo;oppo A54 5G;B15+;https://fdn2.gsmarena.com/vv/bigpic/oppo-a54-5g.jpg
Oppo;oppo A54s;B21;https://fdn2.gsmarena.com/vv/bigpic/oppo-a16.jpg
Oppo;oppo A55;B36;https://fdn2.gsmarena.com/vv/bigpic/oppo-a55-4g-1.jpg
Oppo;oppo A55s;B21;https://fdn2.gsmarena.com/vv/bigpic/oppo-a55s-5g.jpg
Oppo;oppo A55 5G;B21;https://fdn2.gsmarena.com/vv/bigpic/oppo-a55-5g.jpg
Oppo;oppo A56 5G;B21;https://fdn2.gsmarena.com/vv/bigpic/oppo-a56-5g.jpg
Oppo;oppo A56s;B21;https://fdn2.gsmarena.com/vv/bigpic/oneplus-6-red.jpg
Oppo;oppo A57;B21;https://fdn2.gsmarena.com/vv/bigpic/oppo-a57-5g.jpg
Oppo;oppo A57 4G;B21;https://fdn2.gsmarena.com/vv/bigpic/oppo-a57-4g.jpg
Oppo;oppo A57e;B21;https://fdn2.gsmarena.com/vv/bigpic/oppo-a57-4g.jpg
Oppo;oppo A57s;B21;https://fdn2.gsmarena.com/vv/bigpic/oppo-a57s.jpg
Oppo;oppo A58 4G;B24;https://fdn2.gsmarena.com/vv/bigpic/oneplus-8.jpg
Oppo;oppo A58 (china);B21;https://fdn2.gsmarena.com/vv/bigpic/oneplus-8.jpg
Oppo;oppo A58 X;B21;https://fdn2.gsmarena.com/vv/bigpic/oneplus-8.jpg
Oppo;oppo A5s (AX5s);B40;https://fdn2.gsmarena.com/vv/bigpic/oppo-a5s-r.jpg
Oppo;oppo A5X 4G;B24;https://fdn2.gsmarena.com/vv/bigpic/huawei-honor-5x.jpg
Oppo;oppo A5X 5G;B24;https://fdn2.gsmarena.com/vv/bigpic/huawei-honor-5x.jpg
Oppo;oppo A6 5G;B64+;https://fdn2.gsmarena.com/vv/bigpic/oneplus-6-red.jpg
Oppo;oppo A6 Pro (china);B37;https://fdn2.gsmarena.com/vv/bigpic/oneplus-6-red.jpg
Oppo;oppo A6 Pro (India);B65+;https://fdn2.gsmarena.com/vv/bigpic/oneplus-6-red.jpg
Oppo;oppo A6 Pro 4G;B37;https://fdn2.gsmarena.com/vv/bigpic/oneplus-6-red.jpg
Oppo;oppo A6 Pro 5G;B37;https://fdn2.gsmarena.com/vv/bigpic/oneplus-6-red.jpg
Oppo;oppo A60;B24;https://fdn2.gsmarena.com/vv/bigpic/honor-60-r.jpg
Oppo;oppo A6c;B64+;https://fdn2.gsmarena.com/vv/bigpic/oneplus-6-red.jpg
Oppo;oppo A6s;B64+;https://fdn2.gsmarena.com/vv/bigpic/oneplus-6-red.jpg
Oppo;oppo A6s 5G;B64+;https://fdn2.gsmarena.com/vv/bigpic/oneplus-6-red.jpg
Oppo;oppo A6s Pro;B62+;https://fdn2.gsmarena.com/vv/bigpic/oneplus-6-red.jpg
Oppo;oppo A6t 4G;B64+;https://fdn2.gsmarena.com/vv/bigpic/oneplus-6-red.jpg
Oppo;oppo A6t 5G;B64+;https://fdn2.gsmarena.com/vv/bigpic/oneplus-6-red.jpg
Oppo;oppo A6t Pro 4G;B64+;https://fdn2.gsmarena.com/vv/bigpic/oneplus-6-red.jpg
Oppo;oppo A7;B40;https://fdn2.gsmarena.com/vv/bigpic/oppo-a7.jpg
Oppo;oppo A72 5G;B46;https://fdn2.gsmarena.com/vv/bigpic/oppo-a72-5g.jpg
Oppo;oppo A74;B25;https://fdn2.gsmarena.com/vv/bigpic/oppo-f19.jpg
Oppo;oppo A76;B36;https://fdn2.gsmarena.com/vv/bigpic/oppo-a36.jpg
Oppo;oppo A77;B21;https://fdn2.gsmarena.com/vv/bigpic/oppo-a77-5g.jpg
Oppo;oppo A77 4G;B21;https://fdn2.gsmarena.com/vv/bigpic/oppo-a77-4g.jpg
Oppo;oppo A77s;B21;https://fdn2.gsmarena.com/vv/bigpic/oppo-a77s.jpg
Oppo;oppo A78 4G;B25;https://fdn2.gsmarena.com/vv/bigpic/oneplus-8.jpg
Oppo;oppo A78;B21;https://fdn2.gsmarena.com/vv/bigpic/oneplus-8.jpg
Oppo;oppo A79;B24;https://fdn2.gsmarena.com/vv/bigpic/oneplus-9-.jpg
Oppo;oppo A7X;B40;https://fdn2.gsmarena.com/vv/bigpic/oppo-a7x-.jpg
Oppo;oppo A80;B22;https://fdn2.gsmarena.com/vv/bigpic/honor-80.jpg
Oppo;oppo A91;B34;https://fdn2.gsmarena.com/vv/bigpic/oppo-a91.jpg
Oppo;oppo A92;B46;https://fdn2.gsmarena.com/vv/bigpic/oppo-a92-.jpg
Oppo;oppo A92s;B36;https://fdn2.gsmarena.com/vv/bigpic/oppo-a92s.jpg
Oppo;oppo A93;B25;https://fdn2.gsmarena.com/vv/bigpic/oppo-a93-.jpg
Oppo;oppo A93 5G;B38;https://fdn2.gsmarena.com/vv/bigpic/oppo-a93-5g.jpg
Oppo;oppo A93s 5G;B46;https://fdn2.gsmarena.com/vv/bigpic/oppo-a93s-5g.jpg
Oppo;oppo A94;B25;https://fdn2.gsmarena.com/vv/bigpic/oppo-reno5-f-cph2217.jpg
Oppo;oppo A94 5G;B25;https://fdn2.gsmarena.com/vv/bigpic/oppo-a94-5g.jpg
Oppo;oppo A95;B25;https://fdn2.gsmarena.com/vv/bigpic/oppo-a95.jpg
Oppo;oppo A95 5G;B25;https://fdn2.gsmarena.com/vv/bigpic/oppo-a95-5g.jpg
Oppo;oppo A96;B23;https://fdn2.gsmarena.com/vv/bigpic/oppo-a96-new.jpg
Oppo;oppo A96 (china);B25;https://fdn2.gsmarena.com/vv/bigpic/oppo-a96.jpg
Oppo;oppo A97;B21;https://fdn2.gsmarena.com/vv/bigpic/oppo-a97-5g.jpg
Oppo;oppo A98;B24;https://fdn2.gsmarena.com/vv/bigpic/oneplus-9-.jpg
Oppo;oppo Ace2;B32;https://fdn2.gsmarena.com/vv/bigpic/oppo-reno-ace2-new.jpg
Oppo;oppo F11;B15+;https://fdn2.gsmarena.com/vv/bigpic/oppo-f11-.jpg
Oppo;oppo F11 Pro;B15+;https://fdn2.gsmarena.com/vv/bigpic/oppo-f11-pro-.jpg
Oppo;oppo F21 Pro;B30;https://fdn2.gsmarena.com/vv/bigpic/oppo-reno7-4g.jpg
Oppo;oppo F21 Pro 5G;B30;https://fdn2.gsmarena.com/vv/bigpic/oppo-reno7-z-5g.jpg
Oppo;oppo F23;B24;https://fdn2.gsmarena.com/vv/bigpic/alcatel-3-.jpg
Oppo;oppo F25 Pro;B22;https://fdn2.gsmarena.com/vv/bigpic/oneplus-two.jpg
Oppo;oppo F27;B22;https://fdn2.gsmarena.com/vv/bigpic/alcatel-7-.jpg
Oppo;oppo F29;B22;https://fdn2.gsmarena.com/vv/bigpic/oneplus-9-.jpg
Oppo;oppo F29 Pro;B22;https://fdn2.gsmarena.com/vv/bigpic/oneplus-9-.jpg
Oppo;oppo F31 Pro;B17+;https://fdn2.gsmarena.com/vv/bigpic/alcatel-3-.jpg
Oppo;oppo F7;B39;https://fdn2.gsmarena.com/vv/bigpic/oppo-f7-.jpg
Vivo;vivo G2;B21;https://fdn2.gsmarena.com/vv/bigpic/oneplus-two.jpg
Vivo;vivo iQOO 10;B24;https://fdn2.gsmarena.com/vv/bigpic/vivo-iqoo10.jpg
Vivo;vivo iQOO 11;B24;https://fdn2.gsmarena.com/vv/bigpic/alcatel-1-2018.jpg
Vivo;vivo iQOO 11S;B24;https://fdn2.gsmarena.com/vv/bigpic/alcatel-1-2018.jpg
Vivo;vivo iQOO 12;B23;https://fdn2.gsmarena.com/vv/bigpic/oneplus-two.jpg
Vivo;vivo iQOO 13;B23;https://fdn2.gsmarena.com/vv/bigpic/alcatel-3-.jpg
Vivo;vivo iQOO 15;B64+;https://fdn2.gsmarena.com/vv/bigpic/meizu-15.jpg
Vivo;vivo iQOO 15 Ultra;B64+;https://fdn2.gsmarena.com/vv/bigpic/lg-u.jpg
Vivo;vivo iQOO 15R;B62+;https://fdn2.gsmarena.com/vv/bigpic/meizu-15.jpg
Vivo;vivo iQOO 5 5G;B32;https://fdn2.gsmarena.com/vv/bigpic/vivo-iqoo-5-5g.jpg
Vivo;vivo iQOO 7;B22;https://fdn2.gsmarena.com/vv/bigpic/vivo-iqoo-7.jpg
Vivo;vivo iQOO 8;B37;https://fdn2.gsmarena.com/vv/bigpic/vivo-iqoo-8.jpg
Vivo;vivo iQOO 9 (china);B24;https://fdn2.gsmarena.com/vv/bigpic/vivo-iqoo-9.jpg
Vivo;vivo iQOO Neo 10;B43;https://fdn2.gsmarena.com/vv/bigpic/realme-10.jpg
Vivo;vivo iQOO Neo 10R;B23;https://fdn2.gsmarena.com/vv/bigpic/realme-10.jpg
Vivo;vivo iQOO Neo10 (china);B23;https://fdn2.gsmarena.com/vv/bigpic/realme-10.jpg
Vivo;vivo iQOO Neo10 Pro (china);B23;https://fdn2.gsmarena.com/vv/bigpic/realme-10.jpg
Vivo;vivo iQOO Neo3 5G;B36;https://fdn2.gsmarena.com/vv/bigpic/vivo-iqoo-neo3.jpg
Vivo;vivo iQOO Neo5;B22;https://fdn2.gsmarena.com/vv/bigpic/vivo-iqoo-neo5.jpg
Vivo;vivo iQOO Neo5 Lite;B22;https://fdn2.gsmarena.com/vv/bigpic/vivo-neo5-lite.jpg
Vivo;vivo iQOO Neo5 S;B22;https://fdn2.gsmarena.com/vv/bigpic/vivo-iqoo-neo-5s-.jpg
Vivo;vivo iQOO Neo5 SE;B24;https://fdn2.gsmarena.com/vv/bigpic/vivo-iqoo-neo-5se.jpg
Vivo;vivo iQOO Neo6;B22;https://fdn2.gsmarena.com/vv/bigpic/oneplus-6-red.jpg
Vivo;vivo iQOO Neo6 (china);B22;https://fdn2.gsmarena.com/vv/bigpic/vivo-iqoo-neo6-r.jpg
Vivo;vivo iQOO Neo6 SE;B22;https://fdn2.gsmarena.com/vv/bigpic/vivo-iqoo-neo6-se.jpg
Vivo;vivo iQOO Neo7;B24;https://fdn2.gsmarena.com/vv/bigpic/vivo-iqoo-neo7.jpg
Vivo;vivo iQOO Neo7 (china);B24;https://fdn2.gsmarena.com/vv/bigpic/alcatel-7-.jpg
Vivo;vivo iQOO Neo7 Pro;B24;https://fdn2.gsmarena.com/vv/bigpic/alcatel-7-.jpg
Vivo;vivo iQOO Neo7 Racing;B24;https://fdn2.gsmarena.com/vv/bigpic/alcatel-7-.jpg
Vivo;vivo iQOO Neo7 SE;B24;https://fdn2.gsmarena.com/vv/bigpic/alcatel-7-.jpg
Vivo;vivo iQOO Neo8;B24;https://fdn2.gsmarena.com/vv/bigpic/oneplus-8.jpg
Vivo;vivo iQOO Neo9;B43;https://fdn2.gsmarena.com/vv/bigpic/oneplus-9-.jpg
Vivo;vivo iQOO Neo9 Pro;B43;https://fdn2.gsmarena.com/vv/bigpic/oneplus-9-.jpg
Vivo;vivo iQOO Neo9s Pro;B43;https://fdn2.gsmarena.com/vv/bigpic/honor-9s.jpg
Vivo;vivo iQOO Neo9s Pro+;B43;https://fdn2.gsmarena.com/vv/bigpic/honor-9s.jpg
Vivo;vivo iQOO U1;B33;https://fdn2.gsmarena.com/vv/bigpic/vivo-iqoo-u1.jpg
Vivo;vivo iQOO U5;B21;https://fdn2.gsmarena.com/vv/bigpic/vivo-iqoo-u5.jpg
Vivo;vivo iQOO U5x;B21;https://fdn2.gsmarena.com/vv/bigpic/vivo-iqoo-u5x.jpg
Vivo;vivo iQOO Z1;B39;https://fdn2.gsmarena.com/vv/bigpic/vivo-iqoo-z1-5g.jpg
Vivo;vivo iQOO Z10 Turbo;B43;https://fdn2.gsmarena.com/vv/bigpic/vivo-z1a.jpg
Vivo;vivo iQOO Z10 Turbo Pro;B43;https://fdn2.gsmarena.com/vv/bigpic/vivo-z1a.jpg
Vivo;vivo iQOO Z1x;B36;https://fdn2.gsmarena.com/vv/bigpic/vivo-iqoo-z1x-5g1.jpg
Vivo;vivo iQOO Z3;B40;https://fdn2.gsmarena.com/vv/bigpic/vivo-qoo-z3.jpg
Vivo;vivo iQOO Z5;B22;https://fdn2.gsmarena.com/vv/bigpic/vivo-iqoo-z5.jpg
Vivo;vivo iQOO Z5x;B21;https://fdn2.gsmarena.com/vv/bigpic/vivo-iqoo-z5x.jpg
Vivo;vivo iQOO Z6 (china);B36;https://fdn2.gsmarena.com/vv/bigpic/vivo-iqoo-z6-china.jpg
Vivo;vivo iQOO Z6 44W;B34;https://fdn2.gsmarena.com/vv/bigpic/vivo-iqoo-z6-44w.jpg
Vivo;vivo iQOO Z6 Lite;B21;https://fdn2.gsmarena.com/vv/bigpic/vivo-iqoo-z6-lite-5g.jpg
Vivo;vivo iQOO Z6 Pro;B34;https://fdn2.gsmarena.com/vv/bigpic/vivo-iqoo-z6-pro.jpg
Vivo;vivo iQOO Z7;B41;https://fdn2.gsmarena.com/vv/bigpic/Samsung-Z.jpg
Vivo;vivo iQOO Z7 (china);B23;https://fdn2.gsmarena.com/vv/bigpic/Samsung-Z.jpg
Vivo;vivo iQOO Z7s;B41;https://fdn2.gsmarena.com/vv/bigpic/Samsung-Z.jpg
Vivo;vivo iQOO Z7x;B23;https://fdn2.gsmarena.com/vv/bigpic/Samsung-Z.jpg
Vivo;vivo iQOO Z8 (china);B23;https://fdn2.gsmarena.com/vv/bigpic/Samsung-Z.jpg
Vivo;vivo iQOO Z9;B22;https://fdn2.gsmarena.com/vv/bigpic/Samsung-Z.jpg
Vivo;vivo iQOO Z9 (china);B43;https://fdn2.gsmarena.com/vv/bigpic/Samsung-Z.jpg
Vivo;vivo iQOO Z9 Turbo;B23;https://fdn2.gsmarena.com/vv/bigpic/Samsung-Z.jpg
Vivo;vivo iQOO Z9 Turbo Endurance;B24;https://fdn2.gsmarena.com/vv/bigpic/Samsung-Z.jpg
Vivo;vivo iQOO Z9 Turbo+;B23;https://fdn2.gsmarena.com/vv/bigpic/Samsung-Z.jpg
Vivo;vivo iQOO Z9x;B24;https://fdn2.gsmarena.com/vv/bigpic/Samsung-Z.jpg
Vivo;vivo NEX A;B33;https://fdn2.gsmarena.com/vv/bigpic/vivo-nex-r1.jpg
Vivo;vivo NEX Dual Display;B35;https://fdn2.gsmarena.com/vv/bigpic/vivo-nex2-.jpg
Vivo;vivo Nex S;B33;https://fdn2.gsmarena.com/vv/bigpic/vivo-nex-s.jpg
Vivo;vivo S1 (china);B33;https://fdn2.gsmarena.com/vv/bigpic/vivo-s1.jpg
Vivo;vivo S1 Pro;B34;https://fdn2.gsmarena.com/vv/bigpic/vivo-s1-pro-global.jpg
Vivo;vivo S1 Pro (china);B35;https://fdn2.gsmarena.com/vv/bigpic/vivo-s1-pro.jpg
Vivo;vivo S10e;B34;https://fdn2.gsmarena.com/vv/bigpic/vivo-s10e.jpg
Vivo;vivo S15;B22;https://fdn2.gsmarena.com/vv/bigpic/vivo-s15.jpg
Vivo;vivo S15e;B34;https://fdn2.gsmarena.com/vv/bigpic/vivo-s15e.jpg
Vivo;vivo S16e;B22;https://fdn2.gsmarena.com/vv/bigpic/oneplus-6-red.jpg
Vivo;vivo S18e;B22;https://fdn2.gsmarena.com/vv/bigpic/oneplus-8.jpg
Vivo;vivo S19;B23;https://fdn2.gsmarena.com/vv/bigpic/oneplus-9-.jpg
Vivo;vivo S20;B15+;https://fdn2.gsmarena.com/vv/bigpic/huawei-honor-20.jpg
Vivo;vivo S30 5G;B33;https://fdn2.gsmarena.com/vv/bigpic/honor-30.jpg
Vivo;vivo S30 Pro mini;B00;https://fdn2.gsmarena.com/vv/bigpic/honor-30-pro.jpg
Vivo;vivo S40;B36;https://fdn2.gsmarena.com/vv/bigpic/vivo-vivo-s40.jpg
Vivo;vivo S50;B62+;https://fdn2.gsmarena.com/vv/bigpic/honor-50-.jpg
Vivo;vivo S6 5G;B34;https://fdn2.gsmarena.com/vv/bigpic/vivo-s6-5g.jpg
Vivo;vivo S7e;B34;https://fdn2.gsmarena.com/vv/bigpic/vivo-s7e-5g.jpg
Vivo;vivo S9e;B34;https://fdn2.gsmarena.com/vv/bigpic/vivo-s9e.jpg
Vivo;vivo T1;B24;https://fdn2.gsmarena.com/vv/bigpic/vivo-t1.jpg
Vivo;vivo T1 (Snapdragon680);B34;https://fdn2.gsmarena.com/vv/bigpic/honor-80.jpg
Vivo;vivo T1 (Snapdragon778G);B34;https://fdn2.gsmarena.com/vv/bigpic/oneplus-8.jpg
Vivo;vivo T1 5G;B24;https://fdn2.gsmarena.com/vv/bigpic/vivo-t1-5g.jpg
Vivo;vivo T1X;B24;https://fdn2.gsmarena.com/vv/bigpic/vivo-t1x.jpg
Vivo;vivo T1X (india);B24;https://fdn2.gsmarena.com/vv/bigpic/vivo-t1x-india.jpg
Vivo;vivo T1x 4G;B24;https://fdn2.gsmarena.com/vv/bigpic/vivo-t1x-4g.jpg
Vivo;vivo T3;B22;https://fdn2.gsmarena.com/vv/bigpic/alcatel-3-.jpg
Vivo;vivo T3 Lite;B21;https://fdn2.gsmarena.com/vv/bigpic/alcatel-3-.jpg
Vivo;vivo T3x;B24;https://fdn2.gsmarena.com/vv/bigpic/alcatel-3-.jpg
Vivo;vivo T4x;B24;https://fdn2.gsmarena.com/vv/bigpic/huawei-honor-4x.jpg
Vivo;vivo T4x Lite;B24;https://fdn2.gsmarena.com/vv/bigpic/huawei-honor-4x.jpg
Vivo;vivo T5 5G;B00;https://fdn2.gsmarena.com/vv/bigpic/alcatel-5-.jpg
Vivo;vivo T5 Pro 5G;B64+;https://fdn2.gsmarena.com/vv/bigpic/meizu-pro-5.jpg
Vivo;vivo V11 (V11Pro);B37;https://fdn2.gsmarena.com/vv/bigpic/motorola-pro.jpg
Vivo;vivo V11i;B17+;https://fdn2.gsmarena.com/vv/bigpic/vivo-v11i-.jpg
Vivo;vivo V15;B33;https://fdn2.gsmarena.com/vv/bigpic/vivo-v15.jpg
Vivo;vivo V15 Pro;B53;https://fdn2.gsmarena.com/vv/bigpic/vivo-v15-pro.jpg
Vivo;vivo V16;B30;https://fdn2.gsmarena.com/vv/bigpic/vivo-vivo-v16.jpg
Vivo;vivo V17;B30;https://fdn2.gsmarena.com/vv/bigpic/vivo-v17-india.jpg
Vivo;vivo V17 Pro;B25;https://fdn2.gsmarena.com/vv/bigpic/vivo-v17-pro-r.jpg
Vivo;vivo V18;B30;https://fdn2.gsmarena.com/vv/bigpic/vivo-vivo-v18.jpg
Vivo;vivo V19;B25;https://fdn2.gsmarena.com/vv/bigpic/vivo-v19-dual-selfie.jpg
Vivo;vivo V20;B34;https://fdn2.gsmarena.com/vv/bigpic/vivo-v20-new.jpg
Vivo;vivo V20 2021;B34;https://fdn2.gsmarena.com/vv/bigpic/vivo-v20-new.jpg
Vivo;vivo V20 Pro;B25;https://fdn2.gsmarena.com/vv/bigpic/vivo-v20-pro.jpg
Vivo;vivo V20 SE;B34;https://fdn2.gsmarena.com/vv/bigpic/vivo-v20se.jpg
Vivo;vivo V21e;B27;https://fdn2.gsmarena.com/vv/bigpic/vivo-v21e.jpg
Vivo;vivo V21e 5G;B27;https://fdn2.gsmarena.com/vv/bigpic/vivo-v21e-5g.jpg
Vivo;vivo V21 5G;B27;https://fdn2.gsmarena.com/vv/bigpic/vivo-v21-5g.jpg
Vivo;vivo V21;B27;https://fdn2.gsmarena.com/vv/bigpic/vivo-v21.jpg
Vivo;vivo V23 5G;B25;https://fdn2.gsmarena.com/vv/bigpic/vivo-v23-5g.jpg
Vivo;vivo V23e;B34;https://fdn2.gsmarena.com/vv/bigpic/vivo-v23e.jpg
Vivo;vivo V23e 5G;B34;https://fdn2.gsmarena.com/vv/bigpic/vivo-v23e.jpg
Vivo;vivo V27e;B22;https://fdn2.gsmarena.com/vv/bigpic/alcatel-7-.jpg
Vivo;vivo V29e;B22;https://fdn2.gsmarena.com/vv/bigpic/oneplus-9-.jpg
Vivo;vivo V30 Lite (ME);B46;https://fdn2.gsmarena.com/vv/bigpic/honor-30.jpg
Vivo;vivo V30 Lite 4G;B46;https://fdn2.gsmarena.com/vv/bigpic/honor-30.jpg
Vivo;vivo V30 SE;B22;https://fdn2.gsmarena.com/vv/bigpic/honor-30.jpg
Vivo;vivo V40 Lite (IDN);B22;https://fdn2.gsmarena.com/vv/bigpic/honor-v40-lite.jpg
Vivo;vivo V40 SE;B22;
Vivo;vivo V50 Lite;B43;https://fdn2.gsmarena.com/vv/bigpic/honor-50-lite.jpg
Vivo;vivo V60 Lite;B23;https://fdn2.gsmarena.com/vv/bigpic/honor-60-r.jpg
Vivo;vivo V60 Lite 4G;B43;https://fdn2.gsmarena.com/vv/bigpic/honor-60-r.jpg
Vivo;vivo V60e;B43;https://fdn2.gsmarena.com/vv/bigpic/honor-60-r.jpg
Vivo;vivo V70;B62+;https://fdn2.gsmarena.com/vv/bigpic/honor-70.jpg
Vivo;vivo V70 Elite;B62+;https://fdn2.gsmarena.com/vv/bigpic/honor-70.jpg
Vivo;vivo V70 FE;B64+;https://fdn2.gsmarena.com/vv/bigpic/honor-70.jpg
Vivo;vivo V70+;B19+;https://fdn2.gsmarena.com/vv/bigpic/vivo-vivo-v70+.jpg
Vivo;vivo V75;B17+;https://fdn2.gsmarena.com/vv/bigpic/vivo-vivo-v75.jpg
Vivo;vivo V90;B65+;https://fdn2.gsmarena.com/vv/bigpic/vivo-vivo-v90.jpg
Vivo;vivo X100s;B23;https://fdn2.gsmarena.com/vv/bigpic/nokia-x100.jpg
Vivo;vivo X200 FE;B00;https://fdn2.gsmarena.com/vv/bigpic/samsung-x200.gif
Vivo;vivo X200 Pro mini;B00;https://fdn2.gsmarena.com/vv/bigpic/samsung-x200.gif
Vivo;vivo X200S;B33;https://fdn2.gsmarena.com/vv/bigpic/samsung-x200.gif
Vivo;vivo X21;B39;https://fdn2.gsmarena.com/vv/bigpic/vivo-x21.jpg
Vivo;vivo X21 UD;B39;https://fdn2.gsmarena.com/vv/bigpic/vivo-x21ud.jpg
Vivo;vivo X21i;B39;https://fdn2.gsmarena.com/vv/bigpic/vivo-x21i-.jpg
Vivo;vivo X23;B40;https://fdn2.gsmarena.com/vv/bigpic/vivo-x23.jpg
Vivo;vivo X27;B35;https://fdn2.gsmarena.com/vv/bigpic/vivo-x27-.jpg
Vivo;vivo X27 Pro;B23;https://fdn2.gsmarena.com/vv/bigpic/vivo-x27-pro.jpg
Vivo;vivo X300 FE 5G;B00;https://fdn2.gsmarena.com/vv/bigpic/samsung-x300.gif
Vivo;vivo X300 Pro;B63+;https://fdn2.gsmarena.com/vv/bigpic/samsung-x300.gif
Vivo;vivo X300 Ultra;B43;https://fdn2.gsmarena.com/vv/bigpic/samsung-x300.gif
Vivo;vivo X50;B37;https://fdn2.gsmarena.com/vv/bigpic/vivo-x50-4g.jpg
Vivo;vivo X50 5G;B37;https://fdn2.gsmarena.com/vv/bigpic/vivo-x50.jpg
Vivo;vivo X50e;B53;https://fdn2.gsmarena.com/vv/bigpic/vivo-x50e-5g.jpg
Vivo;vivo X60;B37;https://fdn2.gsmarena.com/vv/bigpic/vivo-x60-global-new.jpg
Vivo;vivo X60 (china);B37;https://fdn2.gsmarena.com/vv/bigpic/vivo-x60.jpg
Vivo;vivo X60t;B37;https://fdn2.gsmarena.com/vv/bigpic/vivo-x60t.jpg
Vivo;vivo X70;B37;https://fdn2.gsmarena.com/vv/bigpic/vivo-x70.jpg
Vivo;vivo Y02A;B21;https://fdn2.gsmarena.com/vv/bigpic/oneplus-two.jpg
Vivo;vivo Y02s;B21;https://fdn2.gsmarena.com/vv/bigpic/vivo-y02s.jpg
Vivo;vivo Y02t;B21;https://fdn2.gsmarena.com/vv/bigpic/oneplus-two.jpg
Vivo;vivo Y03;B21;https://fdn2.gsmarena.com/vv/bigpic/alcatel-3-.jpg
Vivo;vivo Y04;B29;
Vivo;vivo Y100 (IND);B22;https://fdn2.gsmarena.com/vv/bigpic/realme-10.jpg
Vivo;vivo Y100 (Not Published In MYS);B41;https://fdn2.gsmarena.com/vv/bigpic/realme-10.jpg
Vivo;vivo Y100 4G;B22;https://fdn2.gsmarena.com/vv/bigpic/realme-10.jpg
Vivo;vivo Y100i;B23;https://fdn2.gsmarena.com/vv/bigpic/realme-10.jpg
Vivo;vivo Y100t;B23;https://fdn2.gsmarena.com/vv/bigpic/realme-10.jpg
Vivo;vivo Y12s;B21;https://fdn2.gsmarena.com/vv/bigpic/vivo-y12s.jpg
Vivo;vivo Y12s 2021;B21;https://fdn2.gsmarena.com/vv/bigpic/vivo-y12s.jpg
Vivo;vivo Y16;B21;https://fdn2.gsmarena.com/vv/bigpic/vivo-y16.jpg
Vivo;vivo Y17s;B21;https://fdn2.gsmarena.com/vv/bigpic/huawei-honor-play-7.jpg
Vivo;vivo Y17;B27;https://fdn2.gsmarena.com/vv/bigpic/vivo-y17.jpg
Vivo;vivo Y18;B21;https://fdn2.gsmarena.com/vv/bigpic/oneplus-8.jpg
Vivo;vivo Y18e;B21;https://fdn2.gsmarena.com/vv/bigpic/oneplus-8.jpg
Vivo;vivo Y18i;B21;https://fdn2.gsmarena.com/vv/bigpic/oneplus-8.jpg
Vivo;vivo Y18t;B21;https://fdn2.gsmarena.com/vv/bigpic/oneplus-8.jpg
Vivo;vivo Y19;B46;https://fdn2.gsmarena.com/vv/bigpic/vivo-y19.jpg
Vivo;vivo Y19s;B24;https://fdn2.gsmarena.com/vv/bigpic/honor-9s.jpg
Vivo;vivo Y19S GT 5G;B24;https://fdn2.gsmarena.com/vv/bigpic/honor-9s.jpg
Vivo;vivo Y19s Pro;B24;https://fdn2.gsmarena.com/vv/bigpic/honor-9s.jpg
Vivo;vivo Y200;B22;https://fdn2.gsmarena.com/vv/bigpic/huawei-honor-20.jpg
Vivo;vivo Y200 (asia);B23;https://fdn2.gsmarena.com/vv/bigpic/huawei-honor-20.jpg
Vivo;vivo Y200 (Global);B36;https://fdn2.gsmarena.com/vv/bigpic/huawei-honor-20.jpg
Vivo;vivo Y200 GT;B23;https://fdn2.gsmarena.com/vv/bigpic/huawei-honor-20.jpg
Vivo;vivo Y200+;B24;https://fdn2.gsmarena.com/vv/bigpic/huawei-honor-20.jpg
Vivo;vivo Y200e;B22;https://fdn2.gsmarena.com/vv/bigpic/huawei-honor-20.jpg
Vivo;vivo Y200i;B24;https://fdn2.gsmarena.com/vv/bigpic/huawei-honor-20.jpg
Vivo;vivo Y200t;B24;https://fdn2.gsmarena.com/vv/bigpic/huawei-honor-20.jpg
Vivo;vivo Y20i;B21;https://fdn2.gsmarena.com/vv/bigpic/vivo-y20.jpg
Vivo;vivo Y20;B21;https://fdn2.gsmarena.com/vv/bigpic/vivo-y20.jpg
Vivo;vivo Y20t;B21;https://fdn2.gsmarena.com/vv/bigpic/vivo-y20s.jpg
Vivo;vivo Y20s (G);B21;https://fdn2.gsmarena.com/vv/bigpic/honor-20s.jpg
Vivo;vivo Y20s;B21;https://fdn2.gsmarena.com/vv/bigpic/vivo-y20s.jpg
Vivo;vivo Y20a;B21;https://fdn2.gsmarena.com/vv/bigpic/vivo-y20-2021.jpg
Vivo;vivo Y20 2021;B21;https://fdn2.gsmarena.com/vv/bigpic/vivo-y20-2021.jpg
Vivo;vivo Y21t (india);B21;https://fdn2.gsmarena.com/vv/bigpic/vivo-y21s.jpg
Vivo;vivo Y21a;B21;https://fdn2.gsmarena.com/vv/bigpic/vivo-y21-.jpg
Vivo;vivo Y21e;B21;https://fdn2.gsmarena.com/vv/bigpic/vivo-y21-.jpg
Vivo;vivo Y21G;B21;https://fdn2.gsmarena.com/vv/bigpic/vivo-y21-.jpg
Vivo;vivo Y21s;B21;https://fdn2.gsmarena.com/vv/bigpic/vivo-y21s.jpg
Vivo;vivo Y21t;B21;https://fdn2.gsmarena.com/vv/bigpic/vivo-y21s.jpg
Vivo;vivo Y22;B21;https://fdn2.gsmarena.com/vv/bigpic/vivo-y22-2022.jpg
Vivo;vivo Y22s;B21;https://fdn2.gsmarena.com/vv/bigpic/vivo-y22s.jpg
Vivo;vivo Y27;B23;https://fdn2.gsmarena.com/vv/bigpic/vivo-y27.jpg
Vivo;vivo Y27 5G;B23;https://fdn2.gsmarena.com/vv/bigpic/alcatel-7-.jpg
Vivo;vivo Y27s;B23;https://fdn2.gsmarena.com/vv/bigpic/huawei-honor-play-7.jpg
Vivo;vivo Y28s;B21;https://fdn2.gsmarena.com/vv/bigpic/honor-8s-.jpg
Vivo;vivo Y29;B24;https://fdn2.gsmarena.com/vv/bigpic/oneplus-9-.jpg
Vivo;vivo Y29s;B29;https://fdn2.gsmarena.com/vv/bigpic/honor-9s.jpg
Vivo;vivo Y3;B34;https://fdn2.gsmarena.com/vv/bigpic/vivo-u10-.jpg
Vivo;vivo Y30 (china);B21;https://fdn2.gsmarena.com/vv/bigpic/vivo-y30-china.jpg
Vivo;vivo Y30 5G;B21;https://fdn2.gsmarena.com/vv/bigpic/vivo-y33e.jpg
Vivo;vivo Y30 Standard;B21;https://fdn2.gsmarena.com/vv/bigpic/vivo-y12s.jpg
Vivo;vivo Y300;B23;https://fdn2.gsmarena.com/vv/bigpic/honor-30.jpg
Vivo;vivo Y300 GT 5G;B43;https://fdn2.gsmarena.com/vv/bigpic/honor-30.jpg
Vivo;vivo Y300i;B24;https://fdn2.gsmarena.com/vv/bigpic/honor-30.jpg
Vivo;vivo Y300t;B24;https://fdn2.gsmarena.com/vv/bigpic/honor-30.jpg
Vivo;vivo Y30g;B21;https://fdn2.gsmarena.com/vv/bigpic/vivo-y30g.jpg
Vivo;vivo Y31 5G;B24;https://fdn2.gsmarena.com/vv/bigpic/alcatel-3-.jpg
Vivo;vivo Y31 Pro;B24;https://fdn2.gsmarena.com/vv/bigpic/alcatel-3-.jpg
Vivo;vivo Y36;B23;https://fdn2.gsmarena.com/vv/bigpic/oneplus-6-red.jpg
Vivo;vivo Y36 5G;B23;https://fdn2.gsmarena.com/vv/bigpic/oneplus-6-red.jpg
Vivo;vivo Y36i;B21;https://fdn2.gsmarena.com/vv/bigpic/oneplus-6-red.jpg
Vivo;vivo Y37;B21;https://fdn2.gsmarena.com/vv/bigpic/vivo-y37.jpg
Vivo;vivo Y37 Pro;B23;https://fdn2.gsmarena.com/vv/bigpic/alcatel-7-.jpg
Vivo;vivo Y38;B23;https://fdn2.gsmarena.com/vv/bigpic/oneplus-8.jpg
Vivo;vivo Y39;B23;https://fdn2.gsmarena.com/vv/bigpic/vivo-vivo-y39.jpg
Vivo;vivo Y40;B24;https://fdn2.gsmarena.com/vv/bigpic/vivo-vivo-y40.jpg
Vivo;vivo Y41;B24;https://fdn2.gsmarena.com/vv/bigpic/vivo-vivo-y41.jpg
Vivo;vivo Y43;B25;https://fdn2.gsmarena.com/vv/bigpic/vivo-vivo-y43.jpg
